"MapName","FileName","RelativePath","Bytes","DetailUrl","ImageUrl","Status","Error"
"法兰王国","法兰王国.jpg","法兰王国\法兰王国.jpg","124183","https://www.molibaike.com/Map/Detail/bb6a50e3-e666-4911-b23a-240218c5eee1?u=True","https://www.molibaike.com/Attachment/Download?path=%2F201409%2F03%2Fae651d58-b10b-478b-9c57-62772c71a13b","OK",""
"索奇亚岛","索奇亚岛.gif","法兰王国\索奇亚岛\索奇亚岛.gif","923434","https://www.molibaike.com/Map/Detail/c63c4fb3-390d-4f8b-a4e7-944b10c48ddf?u=True","https://www.molibaike.com/Attachment/Download?path=%2F201409%2F03%2F10387775-aa35-42f2-b984-ee41e6225ae6","OK",""
"风鸣之塔","风鸣之塔.jpg","法兰王国\索奇亚岛\风鸣之塔.jpg","258166","https://www.molibaike.com/Map/Detail/90bce22f-6db5-4f4a-9734-da6d75a40086?u=True","https://www.molibaike.com/Attachment/Download?path=%2F201411%2F09%2F61e8d1ed-1b72-4b91-9791-d7b3463d7f83","OK",""
"哈贝鲁村","哈贝鲁村.gif","法兰王国\索奇亚岛\哈贝鲁村.gif","120856","https://www.molibaike.com/Map/Detail/ae80ded5-c4b8-4a72-9441-864c3faa52e7?u=True","https://www.molibaike.com/Attachment/Download?path=%2F201409%2F03%2F80946e07-17ef-44a7-a83e-38a24ee095de","OK",""
"毁灭之村","毁灭之村.gif","法兰王国\索奇亚岛\毁灭之村.gif","155205","https://www.molibaike.com/Map/Detail/4ae6534c-7770-4870-b6ca-ece3106353a2?u=True","https://www.molibaike.com/Attachment/Download?path=%2F201409%2F03%2Fce4d6c64-7ec1-435e-b8ea-67b2aebeb59f","OK",""
"加纳村","加纳村.jpg","法兰王国\索奇亚岛\加纳村.jpg","178435","https://www.molibaike.com/Map/Detail/c04a56b2-dc0b-4241-828f-ad02123e7f25?u=True","https://www.molibaike.com/Attachment/Download?path=%2F201409%2F03%2Fb36a96cd-8a23-4736-a7c1-3bc4336b7ec7","OK",""
"角笛大风洞","角笛大风洞.gif","法兰王国\索奇亚岛\角笛大风洞.gif","8468","https://www.molibaike.com/Map/Detail/884c8e74-d98e-4f7d-b885-29b925bbbbd9?u=True","https://www.molibaike.com/Attachment/Download?path=%2F201409%2F03%2Ff639eeac-bead-438c-886c-ed8085c146a0","OK",""
"流星山丘（上山）","流星山丘（上山）.jpg","法兰王国\索奇亚岛\流星山丘（上山）.jpg","248719","https://www.molibaike.com/Map/Detail/b2c492c2-264d-4eec-8cf0-1a4111b4b8a4?u=True","https://www.molibaike.com/Attachment/Download?path=%2F201411%2F09%2F8a54407c-b79b-484c-b64a-b5729dd6f618","OK",""
"流星山丘（下山）","流星山丘（下山）.jpg","法兰王国\索奇亚岛\流星山丘（下山）.jpg","168594","https://www.molibaike.com/Map/Detail/6a25d56a-fd5e-4fbe-92fa-86162cc0ea83?u=True","https://www.molibaike.com/Attachment/Download?path=%2F201601%2F17%2Ff1b9491d-47e5-46dd-b727-c3b94111928d","OK",""
"鲶鱼洞窟","鲶鱼洞窟.jpg","法兰王国\索奇亚岛\鲶鱼洞窟.jpg","23920","https://www.molibaike.com/Map/Detail/9eec2f94-7c77-4ae9-a430-adceb81fb200?u=True","https://www.molibaike.com/Attachment/Download?path=%2F201409%2F03%2F939bc6a5-de2b-41f2-b316-0a1d95420a4d","OK",""
"奇利村","奇利村.gif","法兰王国\索奇亚岛\奇利村.gif","286042","https://www.molibaike.com/Map/Detail/99a0d541-44b9-4f84-a540-a816eb34a799?u=True","https://www.molibaike.com/Attachment/Download?path=%2F201409%2F03%2F116ec4d0-29e8-49a8-9e53-3a80a1e36b31","OK",""
"索奇亚海底洞窟","索奇亚海底洞窟.jpg","法兰王国\索奇亚岛\索奇亚海底洞窟.jpg","55188","https://www.molibaike.com/Map/Detail/a5253c88-a7ef-4dbe-bd10-8afd3b0e54b1?u=True","https://www.molibaike.com/Attachment/Download?path=201808%2F09%2Fae1f9bf0-eb35-445a-aaa0-6913aae3bf98.png","OK",""
"莎莲娜岛","莎莲娜岛.gif","法兰王国\莎莲娜岛\莎莲娜岛.gif","933435","https://www.molibaike.com/Map/Detail/6eb76bdd-3840-4bc8-ae1c-8990f5a1c1fc?u=True","https://www.molibaike.com/Attachment/Download?path=%2F201409%2F03%2F5f2401d1-9ab6-49c5-aa15-fddea85cfcf9","OK",""
"阿巴尼斯村","阿巴尼斯村.gif","法兰王国\莎莲娜岛\阿巴尼斯村.gif","217289","https://www.molibaike.com/Map/Detail/af118549-c8fa-42f4-b5d5-c50707a7a3ab?u=True","https://www.molibaike.com/Attachment/Download?path=%2F201409%2F03%2F8b54a2e2-4255-44f2-8269-3ab4105928ab","OK",""
"阿斯提亚镇","阿斯提亚镇.jpg","法兰王国\莎莲娜岛\阿斯提亚镇.jpg","468346","https://www.molibaike.com/Map/Detail/8527f8d5-b37c-4cef-8b5e-e185964fd01d?u=True","https://www.molibaike.com/Attachment/Download?path=%2F201411%2F09%2F4ef29b7d-518e-47e0-b131-4415ccfa0533","OK",""
"冰雪的牢城","冰雪的牢城.jpg","法兰王国\莎莲娜岛\冰雪的牢城.jpg","823762","https://www.molibaike.com/Map/Detail/e830bdce-4e39-44aa-be7c-97ae37e59621?u=True","https://www.molibaike.com/Attachment/Download?path=%2F201411%2F09%2Ffc6a8fbe-9a11-4630-8ac5-959d8bc979ca","OK",""
"参道","参道.jpg","法兰王国\莎莲娜岛\参道.jpg","218904","https://www.molibaike.com/Map/Detail/5ca234d4-be31-4c6d-a74b-eab60712fe34?u=True","https://www.molibaike.com/Attachment/Download?path=%2F201601%2F23%2F0179c2d3-1e33-43fa-a230-a6594d7b5a22","OK",""
"蒂娜村","蒂娜村.gif","法兰王国\莎莲娜岛\蒂娜村.gif","313418","https://www.molibaike.com/Map/Detail/e7bda8c6-ab1f-4023-a6a9-6f01b2ebda97?u=True","https://www.molibaike.com/Attachment/Download?path=%2F201409%2F03%2F1c5c4724-d9d5-49fe-a4b1-2641b746688d","OK",""
"杰诺瓦镇","杰诺瓦镇.gif","法兰王国\莎莲娜岛\杰诺瓦镇.gif","327072","https://www.molibaike.com/Map/Detail/027b7243-85c0-4b68-a0a3-57abec9cece7?u=True","https://www.molibaike.com/Attachment/Download?path=%2F201409%2F03%2Fb2d99a8d-73d7-4ddc-8f8d-6271fd55c04c","OK",""
"魔法大学","魔法大学.jpg","法兰王国\莎莲娜岛\魔法大学.jpg","248874","https://www.molibaike.com/Map/Detail/cac7b294-bcb5-4a16-925a-d3f4bb183b5b?u=True","https://www.molibaike.com/Attachment/Download?path=%2F201601%2F20%2F186c3c4f-6737-4227-924d-12f95ee6dbbf","OK",""
"青龙的洞窟","青龙的洞窟.png","法兰王国\莎莲娜岛\青龙的洞窟.png","371233","https://www.molibaike.com/Map/Detail/1d25b42f-5ccc-40f0-a161-a678131e7bf0?u=True","https://www.molibaike.com/Attachment/Download?path=202507%2F23%2Fd92a674e-3cec-4478-b120-3d2ce194e331.png","OK",""
"莎莲娜东边洞窟","莎莲娜东边洞窟.jpg","法兰王国\莎莲娜岛\莎莲娜东边洞窟.jpg","73372","https://www.molibaike.com/Map/Detail/f7e296ee-8a46-478e-aed4-7314f623bb3e?u=True","https://www.molibaike.com/Attachment/Download?path=201808%2F08%2Fa68aaa70-2815-4e5a-a38b-a230c52398e0.jpg","OK",""
"莎莲娜海底洞窟","莎莲娜海底洞窟.gif","法兰王国\莎莲娜岛\莎莲娜海底洞窟.gif","10525","https://www.molibaike.com/Map/Detail/4f704788-9963-4e5f-8a6d-3eda27de1cc9?u=True","https://www.molibaike.com/Attachment/Download?path=%2F201411%2F09%2F52a414b4-ee4c-40fa-a688-659dd9b5083a","OK",""
"通往阿巴尼斯的地下道（莎莲娜西方洞窟）","通往阿巴尼斯的地下道（莎莲娜西方洞窟）.gif","法兰王国\莎莲娜岛\通往阿巴尼斯的地下道（莎莲娜西方洞窟）.gif","11918","https://www.molibaike.com/Map/Detail/dadd2177-7483-4c13-8196-d1bb0d1f71c9?u=True","https://www.molibaike.com/Attachment/Download?path=%2F201411%2F09%2F5bbab956-21c8-44dd-aba1-66a7d6253144","OK",""
"芙蕾雅岛","芙蕾雅岛.gif","法兰王国\芙蕾雅岛\芙蕾雅岛.gif","1223480","https://www.molibaike.com/Map/Detail/83852508-a1f5-4b30-a03f-bab434266e98?u=True","https://www.molibaike.com/Attachment/Download?path=%2F201409%2F03%2F9e529bd4-a7ff-46bb-8ab6-c690790cbc33","OK",""
"法兰城","法兰城.gif","法兰王国\芙蕾雅岛\法兰城.gif","504994","https://www.molibaike.com/Map/Detail/17c562d0-aa67-49e7-954b-8d6d30da5ffa?u=True","https://www.molibaike.com/Attachment/Download?path=%2F201512%2F02%2F7c99a94a-498f-4cad-9097-40a0a0c29969","OK",""
"国营24坑道","国营24坑道.gif","法兰王国\芙蕾雅岛\国营24坑道.gif","15153","https://www.molibaike.com/Map/Detail/fe746819-486c-45bb-bb09-90f98bf9547a?u=True","https://www.molibaike.com/Attachment/Download?path=%2F201411%2F09%2F39927ab8-439e-4e6d-8fcc-57c689b50992","OK",""
"哈巴鲁东边洞穴","哈巴鲁东边洞穴.gif","法兰王国\芙蕾雅岛\哈巴鲁东边洞穴.gif","10052","https://www.molibaike.com/Map/Detail/9065ab78-cc7b-4aa4-8b55-a7a640345b45?u=True","https://www.molibaike.com/Attachment/Download?path=%2F201409%2F03%2F7587ff77-4294-497c-9314-d74f9777b901","OK",""
"圣拉鲁卡村","圣拉鲁卡村.gif","法兰王国\芙蕾雅岛\圣拉鲁卡村.gif","120295","https://www.molibaike.com/Map/Detail/06f5ea44-c427-4736-9b7e-d669bbc44100?u=True","https://www.molibaike.com/Attachment/Download?path=%2F201409%2F03%2F1acc9678-d463-4cb2-8c76-249c8a4ca80c","OK",""
"曙光骑士团营地","曙光骑士团营地.gif","法兰王国\芙蕾雅岛\曙光骑士团营地.gif","472558","https://www.molibaike.com/Map/Detail/03a5e8ac-0827-4f82-b585-92ee0097507f?u=True","https://www.molibaike.com/Attachment/Download?path=%2F201410%2F31%2Fbec5768b-f27b-4bfa-b3d6-96b027bd6a9d","OK",""
"维诺亚村","维诺亚村.gif","法兰王国\芙蕾雅岛\维诺亚村.gif","126875","https://www.molibaike.com/Map/Detail/241ce786-133a-46c3-8dff-6bc2f2f4f641?u=True","https://www.molibaike.com/Attachment/Download?path=%2F201409%2F03%2Faec2f7df-95e6-4ee0-b27e-1a0f80932e86","OK",""
"维诺亚洞窟","维诺亚洞窟.gif","法兰王国\芙蕾雅岛\维诺亚洞窟.gif","16100","https://www.molibaike.com/Map/Detail/98f84e26-62fc-4360-bc28-f95ee351d47b?u=True","https://www.molibaike.com/Attachment/Download?path=%2F201409%2F03%2F87becb6d-1f43-4187-bde0-6287f07ed652","OK",""
"维诺亚海底洞窟","维诺亚海底洞窟.gif","法兰王国\芙蕾雅岛\维诺亚海底洞窟.gif","6085","https://www.molibaike.com/Map/Detail/7a5482fa-09b7-41f3-8e82-de0e9f3cb3f0?u=True","https://www.molibaike.com/Attachment/Download?path=%2F201409%2F03%2F2bfaf86c-1310-4799-8dd4-8e0d71a4abac","OK",""
"乌克兰村","乌克兰村.gif","法兰王国\芙蕾雅岛\乌克兰村.gif","159302","https://www.molibaike.com/Map/Detail/6c97985a-2e18-4940-9283-ae1ea27bcfe5?u=True","https://www.molibaike.com/Attachment/Download?path=%2F201409%2F03%2F081f3f4f-c51f-4dd7-b1a3-6a712f7bd7c3","OK",""
"亚留特村","亚留特村.gif","法兰王国\芙蕾雅岛\亚留特村.gif","105034","https://www.molibaike.com/Map/Detail/841a7b46-9aa4-4c76-891f-b10af73b07aa?u=True","https://www.molibaike.com/Attachment/Download?path=%2F201409%2F03%2F1794d20c-5fe3-41f1-9ca3-38a0f6cdcbb1","OK",""
"伊尔村","伊尔村.gif","法兰王国\芙蕾雅岛\伊尔村.gif","112706","https://www.molibaike.com/Map/Detail/f2801f00-45cb-4b94-9678-7f0137310632?u=True","https://www.molibaike.com/Attachment/Download?path=%2F201411%2F09%2F16d402ea-31cc-4bb2-a8e8-27f25143c38d","OK",""
"艾尔巴尼亚王国","艾尔巴尼亚王国.gif","艾尔巴尼亚王国\艾尔巴尼亚王国.gif","292687","https://www.molibaike.com/Map/Detail/c0137152-f464-4b37-ae0e-a4858399c2eb?u=True","https://www.molibaike.com/Attachment/Download?path=%2F201409%2F03%2F5b761d50-ba11-4033-b360-417ab810d1a6","OK",""
"库鲁克斯岛","库鲁克斯岛.gif","艾尔巴尼亚王国\库鲁克斯岛\库鲁克斯岛.gif","1631037","https://www.molibaike.com/Map/Detail/38929226-5f8d-46a3-aa07-418e397550cb?u=True","https://www.molibaike.com/Attachment/Download?path=202403%2F02%2F64aba38b-2712-4cb6-a3ec-8cf3e087b110.gif","OK",""
"哥拉尔镇","哥拉尔镇.gif","艾尔巴尼亚王国\库鲁克斯岛\哥拉尔镇.gif","266256","https://www.molibaike.com/Map/Detail/36a654ff-1e3c-4168-86bc-46c85fbbb35a?u=True","https://www.molibaike.com/Attachment/Download?path=%2F201409%2F28%2F7d5ef4ba-df54-4b11-af5a-4248af16934e","OK",""
"雷克塔尔镇","雷克塔尔镇.gif","艾尔巴尼亚王国\库鲁克斯岛\雷克塔尔镇.gif","359905","https://www.molibaike.com/Map/Detail/7e802924-adc3-49e5-a1c2-49e5d729d1ff?u=True","https://www.molibaike.com/Attachment/Download?path=%2F201409%2F03%2F9f1219df-ce50-4589-9738-61dcedef8a6f","OK",""
"鲁米那斯村","鲁米那斯村.gif","艾尔巴尼亚王国\库鲁克斯岛\鲁米那斯村.gif","246443","https://www.molibaike.com/Map/Detail/0d0a4cb8-9f03-4f1f-bf38-d0b0d53d9294?u=True","https://www.molibaike.com/Attachment/Download?path=%2F201409%2F03%2F112d7dea-1a0b-46f3-8948-4d805e3d8455","OK",""
"米诺基亚村","米诺基亚村.gif","艾尔巴尼亚王国\库鲁克斯岛\米诺基亚村.gif","330277","https://www.molibaike.com/Map/Detail/7f4af2c1-5652-4599-8321-a76dd4ae8db4?u=True","https://www.molibaike.com/Attachment/Download?path=%2F201409%2F03%2F3aad7463-c6ac-442f-9718-eba31b8fa278","OK",""
"伊利斯矿山","伊利斯矿山.gif","艾尔巴尼亚王国\库鲁克斯岛\伊利斯矿山.gif","36512","https://www.molibaike.com/Map/Detail/3d2961cd-b3bc-4a8e-b345-d03581e6feac?u=True","https://www.molibaike.com/Attachment/Download?path=%2F201409%2F03%2F723d13da-2fb9-49fe-9e8f-e5a92a4b7384","OK",""
"诺斯菲拉特","诺斯菲拉特.jpg","艾尔巴尼亚王国\诺斯菲拉特.jpg","560919","https://www.molibaike.com/Map/Detail/744dd33e-b0bd-4a5f-bd09-a33f87d9430f?u=True","https://www.molibaike.com/Attachment/Download?path=%2F201411%2F18%2F2a40800f-5381-4fb7-840f-c2eda30b38f9","OK",""
"苏国","苏国.gif","苏国\苏国.gif","292687","https://www.molibaike.com/Map/Detail/9cd6ce52-eedd-47c4-a94e-7d80329456db?u=True","https://www.molibaike.com/Attachment/Download?path=%2F201409%2F03%2Ff94a29b6-6db1-4d2b-b121-4b7a7de839a8","OK",""
"米内葛尔岛","米内葛尔岛.gif","苏国\米内葛尔岛\米内葛尔岛.gif","944738","https://www.molibaike.com/Map/Detail/61f6fbb5-647a-44e5-9b7a-f7a4a5544243?u=True","https://www.molibaike.com/Attachment/Download?path=%2F201408%2F16%2Fa439b391-2af9-4e05-a22e-bfe68c8cb38f","OK",""
"阿凯鲁法村","阿凯鲁法村.gif","苏国\米内葛尔岛\阿凯鲁法村.gif","951346","https://www.molibaike.com/Map/Detail/5aebc516-08e0-4f04-9dfd-2240aa26d2a4?u=True","https://www.molibaike.com/Attachment/Download?path=%2F201409%2F28%2F0f645894-6fca-4592-b48f-8fa1b97a6a53","OK",""
"海峡通道","海峡通道.gif","苏国\米内葛尔岛\海峡通道.gif","22021","https://www.molibaike.com/Map/Detail/1367a1c7-5181-4cd7-b3bc-13f655eb1201?u=True","https://www.molibaike.com/Attachment/Download?path=202002%2F08%2Fbc8295f3-d5c6-4746-a9a6-fd2e8c85dff1.GIF","OK",""
"坎那贝拉村","坎那贝拉村.gif","苏国\米内葛尔岛\坎那贝拉村.gif","476299","https://www.molibaike.com/Map/Detail/ac723fd6-4344-485e-b727-49b159128ac0?u=True","https://www.molibaike.com/Attachment/Download?path=%2F201409%2F28%2Fa32851dd-0664-46d7-8c9e-17c85f9284e2","OK",""
"南恰拉山通道","南恰拉山通道.jpg","苏国\米内葛尔岛\南恰拉山通道.jpg","586811","https://www.molibaike.com/Map/Detail/cc9917aa-c4cf-416e-bba6-43f1aabcedee?u=True","https://www.molibaike.com/Attachment/Download?path=%2F201601%2F17%2F81474f83-c651-4e81-ad0a-431756dc77cd","OK",""
"亚诺曼王国","亚诺曼王国.jpg","亚诺曼王国\亚诺曼王国.jpg","187685","https://www.molibaike.com/Map/Detail/08eccd5e-cfde-45c1-bf37-a836a1b36067?u=True","https://www.molibaike.com/Attachment/Download?path=%2F201409%2F28%2Ff535699d-c3dc-4d3c-944c-2f05956b24eb","OK",""
"德威特岛","德威特岛.jpg","亚诺曼王国\德威特岛\德威特岛.jpg","1016398","https://www.molibaike.com/Map/Detail/c44a380b-2957-4e95-b555-d06450786ad8?u=True","https://www.molibaike.com/Attachment/Download?path=%2F201704%2F30%2Fceae6ec6-2f92-4512-863c-96bc95b29ee1","OK",""
"克瑞村","克瑞村.jpg","亚诺曼王国\德威特岛\克瑞村.jpg","592638","https://www.molibaike.com/Map/Detail/b863ab56-13cc-43d9-91ad-c80bb413b2f9?u=True","https://www.molibaike.com/Attachment/Download?path=%2F201508%2F16%2F191abe60-80c5-492e-994e-ba9cc45d999f","OK",""
"立葛曲洞","立葛曲洞.jpg","亚诺曼王国\德威特岛\立葛曲洞.jpg","31015","https://www.molibaike.com/Map/Detail/baa1b20c-a69a-45dc-8065-364a26c0dd6d?u=True","https://www.molibaike.com/Attachment/Download?path=%2F201511%2F10%2F4a95dfed-fdec-458a-a4d6-17d94baffc8a","OK",""
"摩顿村","摩顿村.jpg","亚诺曼王国\德威特岛\摩顿村.jpg","493846","https://www.molibaike.com/Map/Detail/5b746cf5-b302-4001-b54b-bf3e2e2d3872?u=True","https://www.molibaike.com/Attachment/Download?path=%2F201508%2F16%2Fa1e29775-00e7-4c97-bf1b-c28b8af83481","OK",""
"尼维尔海村","尼维尔海村.jpg","亚诺曼王国\德威特岛\尼维尔海村.jpg","540555","https://www.molibaike.com/Map/Detail/d43ab5b0-192a-442e-bc8c-e144ef39eeb2?u=True","https://www.molibaike.com/Attachment/Download?path=%2F201508%2F16%2F83db34b7-bb18-4ccb-82c9-f6dd5536c2da","OK",""
"塞拉伯特洞窟","塞拉伯特洞窟.jpg","亚诺曼王国\德威特岛\塞拉伯特洞窟.jpg","55826","https://www.molibaike.com/Map/Detail/4898feb2-e169-4e56-9f50-0311524cae3d?u=True","https://www.molibaike.com/Attachment/Download?path=%2F201511%2F09%2Fa9cb6307-86b8-4001-9cfa-990597aa70f8","OK",""
"亚诺曼城","亚诺曼城.jpg","亚诺曼王国\德威特岛\亚诺曼城.jpg","639285","https://www.molibaike.com/Map/Detail/89d0a738-0ad9-4736-9347-07baa28b2740?u=True","https://www.molibaike.com/Attachment/Download?path=%2F201409%2F03%2Fb3310172-1221-4607-8e79-a0c593ed8f7e","OK",""
"杰诺姆岛","杰诺姆岛.jpg","亚诺曼王国\杰诺姆岛\杰诺姆岛.jpg","146065","https://www.molibaike.com/Map/Detail/7e388147-b073-4129-a4a3-f38f6dd2a358?u=True","https://www.molibaike.com/Attachment/Download?path=%2F201409%2F28%2F47443307-9efb-4860-803c-c44516a4be5e","OK",""
"雷欧娜村","雷欧娜村.jpg","亚诺曼王国\杰诺姆岛\雷欧娜村.jpg","95228","https://www.molibaike.com/Map/Detail/a93f3cca-8108-4d4c-9267-8b8c045b87f9?u=True","https://www.molibaike.com/Attachment/Download?path=%2F201409%2F28%2F7a9b827a-1d42-47f9-9c1c-de7f6d4d5997","OK",""
"神圣大陆","神圣大陆.gif","神圣大陆\神圣大陆.gif","886059","https://www.molibaike.com/Map/Detail/f7b378ca-2d53-41f0-8f5d-cc2b7f5c8572?u=True","https://www.molibaike.com/Attachment/Download?path=%2F201410%2F27%2Fc51982f1-823e-4ed9-89b5-ea049f3b8739","OK",""
"温迪尔平原","温迪尔平原.jpg","神圣大陆\温迪尔平原.jpg","1653747","https://www.molibaike.com/Map/Detail/af50f0f4-2dd2-4b48-ab46-585eac1e0a95?u=True","https://www.molibaike.com/Attachment/Download?path=%2F201410%2F27%2Fcb3f7c17-4076-4f81-94d5-106e4346c05a","OK",""
"雪拉威森塔","","","0","https://www.molibaike.com/Map/Detail/0469c5f0-2962-4f8c-932e-811ba092eda3?u=True","","FAILED","详情页未找到地图原图。"
"01~09层","01~09层.jpg","神圣大陆\雪拉威森塔\01~09层.jpg","266121","https://www.molibaike.com/Map/Detail/ed17b463-bb45-495b-85f2-ed278fc416ef?u=True","https://www.molibaike.com/Attachment/Download?path=%2F201503%2F15%2F80d70c7c-ffe5-4233-9a1c-ca3e4f58f92d","OK",""
"10~19层","10~19层.jpg","神圣大陆\雪拉威森塔\10~19层.jpg","358308","https://www.molibaike.com/Map/Detail/c2e08ffe-534a-48c8-8a03-197a7acd89ba?u=True","https://www.molibaike.com/Attachment/Download?path=%2F201503%2F15%2F60679ed2-6ba5-424e-802a-676a0676d9f7","OK",""
"20~24层","20~24层.jpg","神圣大陆\雪拉威森塔\20~24层.jpg","206850","https://www.molibaike.com/Map/Detail/3e7bf5cc-8c7c-497a-a568-ba51df73a2d0?u=True","https://www.molibaike.com/Attachment/Download?path=%2F201503%2F15%2Ff77a145a-e063-4e9c-8a2a-ef8a8c38430e","OK",""
"25~29层","25~29层.jpg","神圣大陆\雪拉威森塔\25~29层.jpg","181178","https://www.molibaike.com/Map/Detail/67fe9c66-6c0e-42bb-bfe9-d47fa5c77e15?u=True","https://www.molibaike.com/Attachment/Download?path=%2F201503%2F15%2F66dca2ac-611b-41b2-a0cb-4277be5c45e5","OK",""
"30~39层","30~39层.jpg","神圣大陆\雪拉威森塔\30~39层.jpg","337120","https://www.molibaike.com/Map/Detail/9dc21ece-b2d9-4163-aa9c-5cc8493c87be?u=True","https://www.molibaike.com/Attachment/Download?path=%2F201503%2F15%2F2bc0a7bd-1aad-439d-b574-eb2275c2d17b","OK",""
"40~49层","40~49层.jpg","神圣大陆\雪拉威森塔\40~49层.jpg","310072","https://www.molibaike.com/Map/Detail/63569159-1b45-4690-be13-0e3176589bbe?u=True","https://www.molibaike.com/Attachment/Download?path=%2F201503%2F15%2F45afe9e0-012f-4a87-82c4-6897b5327387","OK",""
"50~59层","50~59层.jpg","神圣大陆\雪拉威森塔\50~59层.jpg","196486","https://www.molibaike.com/Map/Detail/698248fa-e286-42b8-8c6b-d8fd4917b9a2?u=True","https://www.molibaike.com/Attachment/Download?path=%2F201503%2F15%2F3b7d10d9-b696-4f0b-b6e4-f42327177bb1","OK",""
"60~69层","60~69层.jpg","神圣大陆\雪拉威森塔\60~69层.jpg","270602","https://www.molibaike.com/Map/Detail/cbbf0dfa-c293-47a3-939b-d2260e24bf60?u=True","https://www.molibaike.com/Attachment/Download?path=%2F201503%2F15%2F26cf175f-9648-407b-93fb-b05306ab999b","OK",""
"70~79层","70~79层.jpg","神圣大陆\雪拉威森塔\70~79层.jpg","232804","https://www.molibaike.com/Map/Detail/19097291-e984-449a-b299-224ef11d7ded?u=True","https://www.molibaike.com/Attachment/Download?path=%2F201503%2F15%2F7a3da309-865a-47c4-be8c-b3c2e8a7b7d2","OK",""
"80~89层","80~89层.jpg","神圣大陆\雪拉威森塔\80~89层.jpg","1776691","https://www.molibaike.com/Map/Detail/7cc61b7c-9913-4d5d-b78f-86d622ae2529?u=True","https://www.molibaike.com/Attachment/Download?path=%2F201503%2F15%2F8b70c38c-14d1-435a-a2a2-cc8b88b359e2","OK",""
"90~95层","90~95层.jpg","神圣大陆\雪拉威森塔\90~95层.jpg","501244","https://www.molibaike.com/Map/Detail/5c6cc223-4674-4cda-8d60-837f151eada5?u=True","https://www.molibaike.com/Attachment/Download?path=%2F201705%2F16%2Fce710b3d-f912-408c-9a15-8ae10f2cf8a6","OK",""
"95~100层","95~100层.jpg","神圣大陆\雪拉威森塔\95~100层.jpg","168262","https://www.molibaike.com/Map/Detail/130c7fe8-219a-45a7-a2c3-b171141c0665?u=True","https://www.molibaike.com/Attachment/Download?path=%2F201503%2F15%2F17215525-bf60-4f6f-a9f6-6dff49c0aab0","OK",""
"布拉基姆高地","布拉基姆高地.jpg","神圣大陆\布拉基姆高地\布拉基姆高地.jpg","2706469","https://www.molibaike.com/Map/Detail/9bda121d-c5fe-4983-97cc-aa279e439663?u=True","https://www.molibaike.com/Attachment/Download?path=%2F201410%2F27%2Ff5df8482-961d-452f-97ba-410033654d4c","OK",""
"黑历史之石洞","黑历史之石洞.jpg","神圣大陆\布拉基姆高地\黑历史之石洞.jpg","525791","https://www.molibaike.com/Map/Detail/bc08a940-f278-46df-94f2-7adc4f840bce?u=True","https://www.molibaike.com/Attachment/Download?path=%2F201502%2F13%2F341a56d3-2289-471b-bdf9-32ae1913efa3","OK",""
"丘斯特村","丘斯特村.jpg","神圣大陆\布拉基姆高地\丘斯特村.jpg","897890","https://www.molibaike.com/Map/Detail/a3dbada3-f2cf-47ab-89f1-32fc3b918894?u=True","https://www.molibaike.com/Attachment/Download?path=%2F201410%2F27%2F12f57241-eea8-4199-8308-0fbccfd212c2","OK",""
"梅布尔隘地","梅布尔隘地.jpg","神圣大陆\梅布尔隘地.jpg","2208941","https://www.molibaike.com/Map/Detail/2e4a568a-2fd6-4986-bd2a-10dad5286ef4?u=True","https://www.molibaike.com/Attachment/Download?path=%2F201410%2F27%2F43e55a29-1f83-4191-a37c-eb15371c5de6","OK",""
"盖雷布伦森林","盖雷布伦森林.jpg","神圣大陆\盖雷布伦森林\盖雷布伦森林.jpg","1559318","https://www.molibaike.com/Map/Detail/784151a2-3e13-4309-a8de-c9196f8e44aa?u=True","https://www.molibaike.com/Attachment/Download?path=%2F201410%2F27%2F96ff8dd4-f582-4b78-9920-836e657a6c29","OK",""
"法兰城遗迹","法兰城遗迹.jpg","神圣大陆\盖雷布伦森林\法兰城遗迹.jpg","363630","https://www.molibaike.com/Map/Detail/0f096c7c-cba5-42be-ac24-3918e6be0181?u=True","https://www.molibaike.com/Attachment/Download?path=%2F201601%2F17%2F4a421249-86f6-44bd-8c46-08d71b8786af","OK",""
"方堡盆地","方堡盆地.jpg","神圣大陆\盖雷布伦森林\方堡盆地.jpg","124066","https://www.molibaike.com/Map/Detail/f8ee9294-6e8e-490c-a0e4-dd9dd0604096?u=True","https://www.molibaike.com/Attachment/Download?path=%2F201511%2F13%2F750a9d3c-69eb-4738-995d-9a71af5c2121","OK",""
"扎克特·海玛","扎克特·海玛.gif","神圣大陆\扎克特·海玛\扎克特·海玛.gif","886059","https://www.molibaike.com/Map/Detail/603febc8-cb9e-4c54-9a63-db43a64ea74d?u=True","https://www.molibaike.com/Attachment/Download?path=%2F201410%2F27%2F72641c93-d0b2-43ab-8be1-d9f9e5fc6c91","OK",""
"艾尔莎岛","艾尔莎岛.gif","神圣大陆\扎克特·海玛\艾尔莎岛.gif","279707","https://www.molibaike.com/Map/Detail/60b44083-ab04-486f-8b0a-6aca5ea267bc?u=True","https://www.molibaike.com/Attachment/Download?path=%2F201410%2F27%2F72f21cdc-fdb7-4a19-a96b-348982f0ab1a","OK",""
"艾夏岛","艾夏岛.jpg","神圣大陆\扎克特·海玛\艾夏岛.jpg","192358","https://www.molibaike.com/Map/Detail/efe5208a-ab1b-473f-b85c-90668904a9c8?u=True","https://www.molibaike.com/Attachment/Download?path=%2F201410%2F30%2F1cb60ba6-987f-49cc-8c11-43c8cb0eec8c","OK",""
"利夏岛","利夏岛.jpg","神圣大陆\扎克特·海玛\利夏岛.jpg","571914","https://www.molibaike.com/Map/Detail/25d82b57-f13c-4637-adc9-09ae1db7d775?u=True","https://www.molibaike.com/Attachment/Download?path=%2F201410%2F27%2F4a8c7ffa-e318-4543-b3a6-63e966a9614b","OK",""
"天界之域","","","0","https://www.molibaike.com/Map/Detail/7198c447-d8fc-48eb-9518-62ed5c2e9a50?u=True","","FAILED","Exception calling ""GetResult"" with ""0"" argument(s): ""响应状态代码不指示成功: 404 (Not Found)。"""
"辛梅尔","辛梅尔.jpg","天界之域\辛梅尔.jpg","529202","https://www.molibaike.com/Map/Detail/127db2cb-44ee-4b23-8f5d-0fe5aa02f03a?u=True","https://www.molibaike.com/Attachment/Download?path=%2F201410%2F31%2Ffe4b9e38-a29c-4935-9eda-9be568821caf","OK",""
"光之路","光之路.jpg","天界之域\光之路.jpg","496461","https://www.molibaike.com/Map/Detail/4123b808-852c-46ef-a930-04af1294213f?u=True","https://www.molibaike.com/Attachment/Download?path=%2F201610%2F29%2F3a8491e2-a936-4e10-b160-a5761a1642d0","OK",""
"北方冰原","","","0","https://www.molibaike.com/Map/Detail/926d1bba-9c20-43bd-b91d-cd597244f1f6?u=True","","FAILED","详情页未找到地图原图。"
"雷克亚克平原","雷克亚克平原.jpg","北方冰原\雷克亚克平原\雷克亚克平原.jpg","56114","https://www.molibaike.com/Map/Detail/86088c43-2dad-47df-abbd-b020a17a0864?u=True","https://www.molibaike.com/Attachment/Download?path=%2F201410%2F08%2Ff4c3ce6b-701d-4a72-b778-729b0f74a138","OK",""
"斯特隆海姆城(新城)","斯特隆海姆城(新城).jpg","北方冰原\雷克亚克平原\斯特隆海姆城(新城).jpg","63420","https://www.molibaike.com/Map/Detail/09105165-46ca-4b8c-988c-e9a5a00acabf?u=True","https://www.molibaike.com/Attachment/Download?path=%2F201410%2F08%2F9318c9cd-f72a-437c-8a94-47ad5ed559a5","OK",""
"玛塔塔平原","玛塔塔平原.jpg","北方冰原\玛塔塔平原\玛塔塔平原.jpg","117593","https://www.molibaike.com/Map/Detail/3b0fabd6-c45e-45f7-ba25-583750d4ac78?u=True","https://www.molibaike.com/Attachment/Download?path=%2F201410%2F08%2Fc27a0c7f-0809-42da-ae5e-97cd04149ba3","OK",""
"西尔维村(新村)","西尔维村(新村).jpg","北方冰原\玛塔塔平原\西尔维村(新村).jpg","45483","https://www.molibaike.com/Map/Detail/ac593a77-02f6-46a8-a8fe-3562332ef2dd?u=True","https://www.molibaike.com/Attachment/Download?path=%2F201410%2F08%2F74d8bb99-ae6f-4991-89f2-1c7471c6adae","OK",""
"远古地下水脉","远古地下水脉.jpg","北方冰原\玛塔塔平原\远古地下水脉.jpg","194253","https://www.molibaike.com/Map/Detail/394efc01-9cc9-4ba2-937d-214e46240b9e?u=True","https://www.molibaike.com/Attachment/Download?path=%2F201411%2F05%2Fbf52549f-5c62-4b80-9059-b34de530788f","OK",""
"神域","","","0","https://www.molibaike.com/Map/Detail/6c159949-5f37-4691-9c24-654fbec79b12?u=True","","FAILED","详情页未找到地图原图。"
"肯吉罗岛","肯吉罗岛.jpg","神域\肯吉罗岛\肯吉罗岛.jpg","347991","https://www.molibaike.com/Map/Detail/d874acf3-9f73-419d-b365-b6ee8bb72bba?u=True","https://www.molibaike.com/Attachment/Download?path=%2F201410%2F31%2F3ab00366-24b0-461f-8a1c-63fda8b63c14","OK",""
"矮人城镇","矮人城镇.jpg","神域\肯吉罗岛\矮人城镇.jpg","1622978","https://www.molibaike.com/Map/Detail/ab7785e8-7b84-4260-b646-3adfbd650603?u=True","https://www.molibaike.com/Attachment/Download?path=%2F201508%2F08%2Fb13e7e4e-dad1-4bf7-9ada-f3375b545bb6","OK",""
"圣骑士营地","圣骑士营地.jpg","神域\肯吉罗岛\圣骑士营地.jpg","462638","https://www.molibaike.com/Map/Detail/82317b23-572a-4f97-853f-38d94bf9209a?u=True","https://www.molibaike.com/Attachment/Download?path=202508%2F02%2F5a1a7726-5b8a-4f41-8f2b-ca42fd51cdd4.jpg","OK",""
